,Rk,Player,Pos,Age,Tm,G,GS,MP,FG,FGA,FG%,3P,3PA,3P%,2P,2PA,2P%,eFG%,FT,FTA,FT%,ORB,DRB,TRB,AST,STL,BLK,TOV,PF,PTS
0,1,Quincy Acy,PF,24,NYK,68,22,1287,152,331,.459,18,60,.300,134,271,.494,.486,76,97,.784,79,222,301,68,27,22,60,147,398
1,2,Jordan Adams,SG,20,MEM,30,0,248,35,86,.407,10,25,.400,25,61,.410,.465,14,23,.609,9,19,28,16,16,7,14,24,94
2,3,Steven Adams,C,21,OKC,70,67,1771,217,399,.544,0,2,.000,217,397,.547,.544,103,205,.502,199,324,523,66,38,86,99,222,537
3,4,Jeff Adrien,PF,28,MIN,17,0,215,19,44,.432,0,0,,19,44,.432,.432,22,38,.579,23,54,77,15,4,9,9,30,60
4,5,Arron Afflalo,SG,29,TOT,78,72,2502,375,884,.424,118,333,.354,257,551,.466,.491,167,198,.843,27,220,247,129,41,7,116,167,1035
5,5,Arron Afflalo,SG,29,DEN,53,53,1750,281,657,.428,82,243,.337,199,414,.481,.490,127,151,.841,21,159,180,101,32,5,83,108,771
6,5,Arron Afflalo,SG,29,POR,25,19,752,94,227,.414,36,90,.400,58,137,.423,.493,40,47,.851,6,61,67,28,9,2,33,59,264
7,6,Alexis Ajin√ßa,C,26,NOP,68,8,957,181,329,.550,0,0,,181,329,.550,.550,81,99,.818,104,211,315,47,21,51,69,151,443
8,7,Furkan Aldemir,PF,23,PHI,41,9,540,40,78,.513,0,5,.000,40,73,.548,.513,13,27,.481,78,98,176,28,17,16,17,96,93
9,8,Cole Aldrich,C,26,NYK,61,16,976,144,301,.478,0,0,,144,301,.478,.478,50,64,.781,101,237,338,75,37,65,59,122,338
10,9,LaMarcus Aldridge,PF,29,POR,71,71,2512,659,1415,.466,37,105,.352,622,1310,.475,.479,306,362,.845,177,549,726,124,48,68,122,125,1661
11,10,Lavoy Allen,C,25,IND,63,0,1070,141,299,.472,0,0,,141,299,.472,.472,33,47,.702,123,200,323,73,15,42,40,102,315
12,11,Tony Allen,SG,33,MEM,63,41,1648,225,455,.495,10,29,.345,215,426,.505,.505,79,126,.627,103,177,280,86,129,30,86,166,539
13,12,Al-Farouq Aminu,SF,24,DAL,74,3,1366,147,357,.412,34,124,.274,113,233,.485,.459,84,118,.712,114,228,342,59,70,62,55,137,412
14,13,Lou Amundson,PF,32,TOT,53,35,937,109,255,.427,0,1,.000,109,254,.429,.427,41,87,.471,94,174,268,70,22,52,62,126,259
15,13,Lou Amundson,PF,32,CLE,12,0,79,4,12,.333,0,0,,4,12,.333,.333,3,5,.600,5,15,20,5,1,0,5,11,11
16,13,Lou Amundson,PF,32,NYK,41,35,858,105,243,.432,0,1,.000,105,242,.434,.432,38,82,.463,89,159,248,65,21,52,57,115,248
17,14,Chris Andersen,C,36,MIA,60,20,1132,120,207,.580,4,13,.308,116,194,.598,.589,76,114,.667,76,223,299,43,26,61,40,88,320
18,15,Alan Anderson,SG,32,BRK,74,19,1744,195,440,.443,73,210,.348,122,230,.530,.526,82,101,.812,31,173,204,83,56,5,60,148,545
19,16,Kyle Anderson,SF,21,SAS,33,8,358,31,89,.348,3,11,.273,28,78,.359,.365,9,14,.643,5,67,72,28,15,7,10,28,74
20,17,Ryan Anderson,PF,26,NOP,61,5,1675,291,729,.399,122,359,.340,169,370,.457,.483,129,151,.854,108,187,295,55,33,20,62,113,833
21,18,Giannis Antetokounmpo,SG,20,MIL,81,71,2541,383,780,.491,7,44,.159,376,736,.511,.496,257,347,.741,100,442,542,207,73,85,173,254,1030
22,19,Carmelo Anthony,SF,30,NYK,40,40,1428,358,806,.444,61,179,.341,297,627,.474,.482,189,237,.797,72,192,264,122,40,17,89,87,966
23,20,Joel Anthony,C,32,DET,49,0,406,36,62,.581,0,0,,36,62,.581,.581,15,22,.682,32,61,93,5,12,49,12,55,87
